"63db2ebf","[Link](https://www.setlist.fm/setlist/sloan/1998/1021-the-edge-toronto-on-canada-63db2ebf.html)","Sloan","1998-05-01","102.1 the Edge","Toronto","Ontario","Canada"
"23dab883","https://www.setlist.fm/setlist/dave-alvin-and-the-guilty-men/1998/maple-leaf-gardens-toronto-on-canada-23dab883.html","Dave Alvin and The Guilty Men","1998-10-29","Maple Leaf Gardens","Toronto","Ontario","Canada"
"5bddc3d8","https://www.setlist.fm/setlist/joni-mitchell/1998/maple-leaf-gardens-toronto-on-canada-5bddc3d8.html","Joni Mitchell","1998-10-29","Maple Leaf Gardens","Toronto","Ontario","Canada"
"6bd2ba9e","https://www.setlist.fm/setlist/bob-dylan/1998/maple-leaf-gardens-toronto-on-canada-6bd2ba9e.html","Bob Dylan","1998-10-29","Maple Leaf Gardens","Toronto","Ontario","Canada"
"33cfac4d","https://www.setlist.fm/setlist/sloan/1998/palais-royale-ballroom-toronto-on-canada-33cfac4d.html","Sloan","1998-11-05","Palais Royale Ballroom","Toronto","Ontario","Canada"
"4b579352","https://www.setlist.fm/setlist/by-divine-right/1998/palais-royale-ballroom-toronto-on-canada-4b579352.html","By Divine Right","1998-11-05","Palais Royale Ballroom","Toronto","Ontario","Canada"
"7395b6a5","https://www.setlist.fm/setlist/54-40/1999/downsview-park-toronto-on-canada-7395b6a5.html","54-40","1999-07-01","Downsview Park","Toronto","Ontario","Canada"
"63565e57","https://www.setlist.fm/setlist/the-flashing-lights/1999/cn-tower-toronto-on-canada-63565e57.html","The Flashing Lights","1999-07-24","CN Tower","Toronto","Ontario","Canada"
"7b565e48","https://www.setlist.fm/setlist/local-rabbits/1999/cn-tower-toronto-on-canada-7b565e48.html","Local Rabbits","1999-08-07","CN Tower","Toronto","Ontario","Canada"
"6b565e42","https://www.setlist.fm/setlist/the-flashing-lights/1999/the-opera-house-toronto-on-canada-6b565e42.html","The Flashing Lights","1999-10-22","The Opera House","Toronto","Ontario","Canada"
"2bddf846","https://www.setlist.fm/setlist/weird-al-yankovic/1999/air-canada-centre-toronto-on-canada-2bddf846.html","“Weird Al” Yankovic","1999-10-24","Air Canada Centre","Toronto","Ontario","Canada"
"3d98db7","https://www.setlist.fm/setlist/beck/2000/maple-leaf-gardens-toronto-on-canada-3d98db7.html","Beck","2000-02-06","Maple Leaf Gardens","Toronto","Ontario","Canada"
"63f46a5b","https://www.setlist.fm/setlist/danko-jones/2000/maple-leaf-gardens-toronto-on-canada-63f46a5b.html","Danko Jones","2000-02-06","Maple Leaf Gardens","Toronto","Ontario","Canada"
"1bce45c8","https://www.setlist.fm/setlist/sloan/2000/massey-hall-toronto-on-canada-1bce45c8.html","Sloan","2000-03-03","Massey Hall","Toronto","Ontario","Canada"
"43565fff","https://www.setlist.fm/setlist/the-flashing-lights/2000/massey-hall-toronto-on-canada-43565fff.html","The Flashing Lights","2000-03-03","Massey Hall","Toronto","Ontario","Canada"
"1bdd558c","https://www.setlist.fm/setlist/crosby-stills-nash-and-young/2000/air-canada-centre-toronto-on-canada-1bdd558c.html","Crosby Stills Nash & Young","2000-03-30","Air Canada Centre","Toronto","Ontario","Canada"
"1bd569fc","https://www.setlist.fm/setlist/lou-reed/2000/hummingbird-centre-toronto-on-canada-1bd569fc.html","Lou Reed","2000-06-16","Hummingbird Centre","Toronto","Ontario","Canada"
"439eeb0f","https://www.setlist.fm/setlist/victoria-williams/2000/hummingbird-centre-toronto-on-canada-439eeb0f.html","Victoria Williams","2000-06-16","Hummingbird Centre","Toronto","Ontario","Canada"
"23d04c6f","https://www.setlist.fm/setlist/neil-young/2000/molson-amphitheatre-toronto-on-canada-23d04c6f.html","Neil Young","2000-08-31","Molson Amphitheatre","Toronto","Ontario","Canada"
"2356542f","https://www.setlist.fm/setlist/the-guthries/2000/horseshoe-tavern-toronto-on-canada-2356542f.html","The Guthries","2000-10-31","Horseshoe Tavern","Toronto","Ontario","Canada"
"3bd5bc58","https://www.setlist.fm/setlist/barenaked-ladies/2000/air-canada-centre-toronto-on-canada-3bd5bc58.html","Barenaked Ladies","2000-11-24","Air Canada Centre","Toronto","Ontario","Canada"
"6bddceb6","https://www.setlist.fm/setlist/paul-simon/2000/massey-hall-toronto-on-canada-6bddceb6.html","Paul Simon","2000-11-29","Massey Hall","Toronto","Ontario","Canada"
"1394f5b1","https://www.setlist.fm/setlist/the-new-pornographers/2001/lees-palace-toronto-on-canada-1394f5b1.html","The New Pornographers","2001-02-23","Lee's Palace","Toronto","Ontario","Canada"
"1b94f5b0","https://www.setlist.fm/setlist/andrew-birds-bowl-of-fire/2001/lees-palace-toronto-on-canada-1b94f5b0.html","Andrew Bird’s Bowl of Fire","2001-02-23","Lee's Palace","Toronto","Ontario","Canada"
"43d017af","https://www.setlist.fm/setlist/jeff-tweedy/2001/trinity-st-pauls-united-church-toronto-on-canada-43d017af.html","Jeff Tweedy","2001-03-01","Trinity-St. Paul's United Church","Toronto","Ontario","Canada"
"6bcd8a16","https://www.setlist.fm/setlist/ben-kweller/2001/trinity-st-pauls-united-church-toronto-on-canada-6bcd8a16.html","Ben Kweller","2001-03-01","Trinity-St. Paul's United Church","Toronto","Ontario","Canada"
"439463e7","https://www.setlist.fm/setlist/maestro-freshwes/2001/horseshoe-tavern-toronto-on-canada-439463e7.html","Maestro Fresh‐Wes","2001-03-31","Horseshoe Tavern","Toronto","Ontario","Canada"
"43f6e727","https://www.setlist.fm/setlist/joel-plaskett-emergency/2001/horseshoe-tavern-toronto-on-canada-43f6e727.html","Joel Plaskett Emergency","2001-03-31","Horseshoe Tavern","Toronto","Ontario","Canada"
"3bd69414","https://www.setlist.fm/setlist/rem/2001/yonge-dundas-square-toronto-on-canada-3bd69414.html","R.E.M.","2001-05-17","Yonge-Dundas Square","Toronto","Ontario","Canada"
"1bdd65d4","https://www.setlist.fm/setlist/gordon-lightfoot/2001/massey-hall-toronto-on-canada-1bdd65d4.html","Gordon Lightfoot","2001-05-24","Massey Hall","Toronto","Ontario","Canada"
"1bd77934","https://www.setlist.fm/setlist/aerosmith/2001/molson-amphitheatre-toronto-on-canada-1bd77934.html","Aerosmith","2001-07-02","Molson Amphitheatre","Toronto","Ontario","Canada"
"4b958fca","https://www.setlist.fm/setlist/david-usher/2001/kingswood-music-theatre-vaughan-on-canada-4b958fca.html","David Usher","2001-07-06","Kingswood Music Theatre","Vaughan","Ontario","Canada"
"53d59f59","https://www.setlist.fm/setlist/sloan/2001/kingswood-music-theatre-vaughan-on-canada-53d59f59.html","Sloan","2001-07-06","Kingswood Music Theatre","Vaughan","Ontario","Canada"
"5b94635c","https://www.setlist.fm/setlist/copyright/2001/kingswood-music-theatre-vaughan-on-canada-5b94635c.html","Copyright","2001-07-06","Kingswood Music Theatre","Vaughan","Ontario","Canada"
"63d5a6ff","https://www.setlist.fm/setlist/matthew-good-band/2001/kingswood-music-theatre-vaughan-on-canada-63d5a6ff.html","Matthew Good Band","2001-07-06","Kingswood Music Theatre","Vaughan","Ontario","Canada"
"7bd88200","https://www.setlist.fm/setlist/treble-charger/2001/kingswood-music-theatre-vaughan-on-canada-7bd88200.html","Treble Charger","2001-07-06","Kingswood Music Theatre","Vaughan","Ontario","Canada"
"439f1f0f","https://www.setlist.fm/setlist/erics-trip/2001/the-opera-house-toronto-on-canada-439f1f0f.html","Eric’s Trip","2001-08-24","The Opera House","Toronto","Ontario","Canada"
"439f1fdf","https://www.setlist.fm/setlist/moneen/2001/the-opera-house-toronto-on-canada-439f1fdf.html",".moneen.","2001-08-24","The Opera House","Toronto","Ontario","Canada"
"4b9f1ffa","https://www.setlist.fm/setlist/tristan-psionic/2001/the-opera-house-toronto-on-canada-4b9f1ffa.html","Tristan Psionic","2001-08-24","The Opera House","Toronto","Ontario","Canada"
"63d2eee3","https://www.setlist.fm/setlist/wilco/2001/the-phoenix-concert-theatre-toronto-on-canada-63d2eee3.html","Wilco","2001-10-04","The Phoenix Concert Theatre","Toronto","Ontario","Canada"
"3d461ff","https://www.setlist.fm/setlist/tori-amos/2001/massey-hall-toronto-on-canada-3d461ff.html","Tori Amos","2001-10-19","Massey Hall","Toronto","Ontario","Canada"
"7be86a48","https://www.setlist.fm/setlist/rufus-wainwright/2001/massey-hall-toronto-on-canada-7be86a48.html","Rufus Wainwright","2001-10-19","Massey Hall","Toronto","Ontario","Canada"
"33d17879","https://www.setlist.fm/setlist/sloan/2001/kool-haus-toronto-on-canada-33d17879.html","Sloan","2001-10-25","Kool Haus","Toronto","Ontario","Canada"
"1bd289c8","https://www.setlist.fm/setlist/bob-dylan/2001/air-canada-centre-toronto-on-canada-1bd289c8.html","Bob Dylan","2001-11-08","Air Canada Centre","Toronto","Ontario","Canada"
"1bde8d38","https://www.setlist.fm/setlist/paul-mccartney/2002/air-canada-centre-toronto-on-canada-1bde8d38.html","Paul McCartney","2002-04-13","Air Canada Centre","Toronto","Ontario","Canada"
"5bd6379c","https://www.setlist.fm/setlist/belle-and-sebastian/2002/kool-haus-toronto-on-canada-5bd6379c.html","Belle and Sebastian","2002-05-08","Kool Haus","Toronto","Ontario","Canada"
"bfb7d4a","https://www.setlist.fm/setlist/the-aislers-set/2002/kool-haus-toronto-on-canada-bfb7d4a.html","The Aislers Set","2002-05-08","Kool Haus","Toronto","Ontario","Canada"
"33565c05","https://www.setlist.fm/setlist/tigre-benvie/2002/horseshoe-tavern-toronto-on-canada-33565c05.html","Tigre Benvie","2002-07-18","Horseshoe Tavern","Toronto","Ontario","Canada"
"3b565c00","https://www.setlist.fm/setlist/local-rabbits/2002/horseshoe-tavern-toronto-on-canada-3b565c00.html","Local Rabbits","2002-07-18","Horseshoe Tavern","Toronto","Ontario","Canada"
"4bcd47a6","https://www.setlist.fm/setlist/howie-day/2002/air-canada-centre-toronto-on-canada-4bcd47a6.html","Howie Day","2002-11-22","Air Canada Centre","Toronto","Ontario","Canada"
"73d7a2cd","https://www.setlist.fm/setlist/tori-amos/2002/air-canada-centre-toronto-on-canada-73d7a2cd.html","Tori Amos","2002-11-22","Air Canada Centre","Toronto","Ontario","Canada"
"13d0d5b1","https://www.setlist.fm/setlist/the-have-love-will-travel-revue/2003/downsview-park-toronto-on-canada-13d0d5b1.html","The Have Love Will Travel Revue","2003-07-30","Downsview Park","Toronto","Ontario","Canada"
"13d0d5b5","https://www.setlist.fm/setlist/sass-jordan/2003/downsview-park-toronto-on-canada-13d0d5b5.html","Sass Jordan","2003-07-30","Downsview Park","Toronto","Ontario","Canada"
"13d2c101","https://www.setlist.fm/setlist/blue-rodeo/2003/downsview-park-toronto-on-canada-13d2c101.html","Blue Rodeo","2003-07-30","Downsview Park","Toronto","Ontario","Canada"
"1bd0d5b4","https://www.setlist.fm/setlist/sam-roberts/2003/downsview-park-toronto-on-canada-1bd0d5b4.html","Sam Roberts","2003-07-30","Downsview Park","Toronto","Ontario","Canada"
"1bd2216c","https://www.setlist.fm/setlist/the-tea-party/2003/downsview-park-toronto-on-canada-1bd2216c.html","The Tea Party","2003-07-30","Downsview Park","Toronto","Ontario","Canada"
"1bd2c104","https://www.setlist.fm/setlist/the-isley-brothers/2003/downsview-park-toronto-on-canada-1bd2c104.html","The Isley Brothers","2003-07-30","Downsview Park","Toronto","Ontario","Canada"
"23d6204b","https://www.setlist.fm/setlist/rush/2003/downsview-park-toronto-on-canada-23d6204b.html","Rush","2003-07-30","Downsview Park","Toronto","Ontario","Canada"
"2bd6bc5e","https://www.setlist.fm/setlist/the-rolling-stones/2003/downsview-park-toronto-on-canada-2bd6bc5e.html","The Rolling Stones","2003-07-30","Downsview Park","Toronto","Ontario","Canada"
"33c6f47d","https://www.setlist.fm/setlist/la-chicane/2003/downsview-park-toronto-on-canada-33c6f47d.html","La Chicane","2003-07-30","Downsview Park","Toronto","Ontario","Canada"
"3d0d5b7","https://www.setlist.fm/setlist/kathleen-edwards/2003/downsview-park-toronto-on-canada-3d0d5b7.html","Kathleen Edwards","2003-07-30","Downsview Park","Toronto","Ontario","Canada"
"3d2c107","https://www.setlist.fm/setlist/the-guess-who/2003/downsview-park-toronto-on-canada-3d2c107.html","The Guess Who","2003-07-30","Downsview Park","Toronto","Ontario","Canada"
"43d6a3d7","https://www.setlist.fm/setlist/acdc/2003/downsview-park-toronto-on-canada-43d6a3d7.html","AC/DC","2003-07-30","Downsview Park","Toronto","Ontario","Canada"
"6381625f","https://www.setlist.fm/setlist/jeff-healey/2003/downsview-park-toronto-on-canada-6381625f.html","Jeff Healey","2003-07-30","Downsview Park","Toronto","Ontario","Canada"
"6bd41ede","https://www.setlist.fm/setlist/the-flaming-lips/2003/downsview-park-toronto-on-canada-6bd41ede.html","The Flaming Lips","2003-07-30","Downsview Park","Toronto","Ontario","Canada"
"7bef1a10","https://www.setlist.fm/setlist/jim-belushi-and-dan-aykroyd/2003/downsview-park-toronto-on-canada-7bef1a10.html","Jim Belushi & Dan Aykroyd","2003-07-30","Downsview Park","Toronto","Ontario","Canada"
"bd0d5aa","https://www.setlist.fm/setlist/justin-timberlake/2003/downsview-park-toronto-on-canada-bd0d5aa.html","Justin Timberlake","2003-07-30","Downsview Park","Toronto","Ontario","Canada"
"3c121c3","https://www.setlist.fm/setlist/rasputina/2003/massey-hall-toronto-on-canada-3c121c3.html","Rasputina","2003-11-08","Massey Hall","Toronto","Ontario","Canada"
"bc121ce","https://www.setlist.fm/setlist/belle-and-sebastian/2003/massey-hall-toronto-on-canada-bc121ce.html","Belle and Sebastian","2003-11-08","Massey Hall","Toronto","Ontario","Canada"
"33565ca9","https://www.setlist.fm/setlist/psychotic-4/2004/healeys-toronto-on-canada-33565ca9.html","Psychotic 4","2004-03-03","Healey's","Toronto","Ontario","Canada"
"23d2ec73","https://www.setlist.fm/setlist/david-bowie/2004/air-canada-centre-toronto-on-canada-23d2ec73.html","David Bowie","2004-04-01","Air Canada Centre","Toronto","Ontario","Canada"
"4bce6336","https://www.setlist.fm/setlist/the-polyphonic-spree/2004/air-canada-centre-toronto-on-canada-4bce6336.html","The Polyphonic Spree","2004-04-01","Air Canada Centre","Toronto","Ontario","Canada"
"23565cff","https://www.setlist.fm/setlist/joel-plaskett/2004/hughs-room-toronto-on-canada-23565cff.html","Joel Plaskett","2004-07-24","Hugh's Room","Toronto","Ontario","Canada"
"3b565cfc","https://www.setlist.fm/setlist/peter-elkas/2004/hughs-room-toronto-on-canada-3b565cfc.html","Peter Elkas","2004-07-24","Hugh's Room","Toronto","Ontario","Canada"
"23565cef","https://www.setlist.fm/setlist/shaker/2004/lees-palace-toronto-on-canada-23565cef.html","Shaker","2004-09-25","Lee's Palace","Toronto","Ontario","Canada"
"33565ce9","https://www.setlist.fm/setlist/matt-mays-and-el-torpedo/2004/lees-palace-toronto-on-canada-33565ce9.html","Matt Mays & El Torpedo","2004-09-25","Lee's Palace","Toronto","Ontario","Canada"
"3b565ce8","https://www.setlist.fm/setlist/boy/2004/lees-palace-toronto-on-canada-3b565ce8.html","Boy","2004-09-25","Lee's Palace","Toronto","Ontario","Canada"
"23565cdf","https://www.setlist.fm/setlist/the-dinner-is-ruined/2004/horseshoe-tavern-toronto-on-canada-23565cdf.html","The Dinner Is Ruined","2004-12-22","Horseshoe Tavern","Toronto","Ontario","Canada"
"3b565cdc","https://www.setlist.fm/setlist/the-kelele-brothers/2004/horseshoe-tavern-toronto-on-canada-3b565cdc.html","The Kelele Brothers","2004-12-22","Horseshoe Tavern","Toronto","Ontario","Canada"
"3b565ce4","https://www.setlist.fm/setlist/mike-oneill/2004/horseshoe-tavern-toronto-on-canada-3b565ce4.html","Mike O’Neill","2004-12-22","Horseshoe Tavern","Toronto","Ontario","Canada"
"139341c9","https://www.setlist.fm/setlist/the-sadies/2004/horseshoe-tavern-toronto-on-canada-139341c9.html","The Sadies","2004-12-31","Horseshoe Tavern","Toronto","Ontario","Canada"
"33a27c49","https://www.setlist.fm/setlist/joel-plaskett-emergency/2005/lees-palace-toronto-on-canada-33a27c49.html","Joel Plaskett Emergency","2005-01-22","Lee's Palace","Toronto","Ontario","Canada"
"3b565cc8","https://www.setlist.fm/setlist/cuff-the-duke/2005/lees-palace-toronto-on-canada-3b565cc8.html","Cuff the Duke","2005-01-22","Lee's Palace","Toronto","Ontario","Canada"
"23565cc3","https://www.setlist.fm/setlist/the-spades/2005/horseshoe-tavern-toronto-on-canada-23565cc3.html","The Spades","2005-01-29","Horseshoe Tavern","Toronto","Ontario","Canada"
"33565ccd","https://www.setlist.fm/setlist/joel-plaskett-emergency/2005/horseshoe-tavern-toronto-on-canada-33565ccd.html","Joel Plaskett Emergency","2005-01-29","Horseshoe Tavern","Toronto","Ontario","Canada"
"23565cc7","https://www.setlist.fm/setlist/esthero/2005/the-phoenix-concert-theatre-toronto-on-canada-23565cc7.html","Esthero","2005-03-02","The Phoenix Concert Theatre","Toronto","Ontario","Canada"
"33565cc5","https://www.setlist.fm/setlist/controllercontroller/2005/the-phoenix-concert-theatre-toronto-on-canada-33565cc5.html","controller.controller","2005-03-02","The Phoenix Concert Theatre","Toronto","Ontario","Canada"
"23565cb3","https://www.setlist.fm/setlist/the-brown-hornets/2005/healeys-toronto-on-canada-23565cb3.html","The Brown Hornets","2005-03-03","Healey's","Toronto","Ontario","Canada"
"23565ca7","https://www.setlist.fm/setlist/the-weekend/2005/el-mocambo-toronto-on-canada-23565ca7.html","The Weekend","2005-03-04","El Mocambo","Toronto","Ontario","Canada"
"3394c401","https://www.setlist.fm/setlist/great-lake-swimmers/2005/el-mocambo-toronto-on-canada-3394c401.html","Great Lake Swimmers","2005-03-04","El Mocambo","Toronto","Ontario","Canada"
"23565c9b","https://www.setlist.fm/setlist/the-bicycles/2005/rancho-relaxo-toronto-on-canada-23565c9b.html","The Bicycles","2005-03-04","Rancho Relaxo","Toronto","Ontario","Canada"
"33565c91","https://www.setlist.fm/setlist/frontier-index/2005/healeys-toronto-on-canada-33565c91.html","Frontier Index","2005-03-05","Healey's","Toronto","Ontario","Canada"
"53965789","https://www.setlist.fm/setlist/project-orange/2005/horseshoe-tavern-toronto-on-canada-53965789.html","Project Orange","2005-03-05","Horseshoe Tavern","Toronto","Ontario","Canada"
"3b565c9c","https://www.setlist.fm/setlist/gentleman-reg/2005/the-comfort-zone-toronto-on-canada-3b565c9c.html","Gentleman Reg","2005-03-05","The Comfort Zone","Toronto","Ontario","Canada"
"3389bc8d","https://www.setlist.fm/setlist/the-inbreds/2005/lees-palace-toronto-on-canada-3389bc8d.html","The Inbreds","2005-03-11","Lee's Palace","Toronto","Ontario","Canada"
"2b565c96","https://www.setlist.fm/setlist/ben-gunning/2005/el-mocambo-toronto-on-canada-2b565c96.html","Ben Gunning","2005-03-25","El Mocambo","Toronto","Ontario","Canada"
"53f83765","https://www.setlist.fm/setlist/greg-keelor/2005/lees-palace-toronto-on-canada-53f83765.html","Greg Keelor","2005-03-29","Lee's Palace","Toronto","Ontario","Canada"
"53565f69","https://www.setlist.fm/setlist/camouflage-nights/2005/horseshoe-tavern-toronto-on-canada-53565f69.html","Camouflage Nights","2005-04-22","Horseshoe Tavern","Toronto","Ontario","Canada"
"4b565f6e","https://www.setlist.fm/setlist/joel-plaskett/2005/hughs-room-toronto-on-canada-4b565f6e.html","Joel Plaskett","2005-05-01","Hugh's Room","Toronto","Ontario","Canada"
"53565f6d","https://www.setlist.fm/setlist/peter-elkas/2005/hughs-room-toronto-on-canada-53565f6d.html","Peter Elkas","2005-05-01","Hugh's Room","Toronto","Ontario","Canada"
"5b565f6c","https://www.setlist.fm/setlist/valery-gore/2005/hughs-room-toronto-on-canada-5b565f6c.html","Valery Gore","2005-05-01","Hugh's Room","Toronto","Ontario","Canada"
"4b565f62","https://www.setlist.fm/setlist/john-southworth/2005/el-mocambo-toronto-on-canada-4b565f62.html","John Southworth","2005-05-18","El Mocambo","Toronto","Ontario","Canada"
"5b565f60","https://www.setlist.fm/setlist/the-bicycles/2005/el-mocambo-toronto-on-canada-5b565f60.html","The Bicycles","2005-05-18","El Mocambo","Toronto","Ontario","Canada"
"53565f65","https://www.setlist.fm/setlist/jeremy-fisher/2005/mod-club-theatre-toronto-on-canada-53565f65.html","Jeremy Fisher","2005-05-27","Mod Club Theatre","Toronto","Ontario","Canada"
"4b565f5a","https://www.setlist.fm/setlist/valery-gore/2005/the-supermarket-toronto-on-canada-4b565f5a.html","Valery Gore","2005-05-30","The Supermarket","Toronto","Ontario","Canada"
"4b565f5e","https://www.setlist.fm/setlist/david-celia/2005/the-supermarket-toronto-on-canada-4b565f5e.html","David Celia","2005-05-30","The Supermarket","Toronto","Ontario","Canada"
"53565f59","https://www.setlist.fm/setlist/royal-wood/2005/the-supermarket-toronto-on-canada-53565f59.html","Royal Wood","2005-05-30","The Supermarket","Toronto","Ontario","Canada"
"5b565f58","https://www.setlist.fm/setlist/justin-rutledge/2005/the-supermarket-toronto-on-canada-5b565f58.html","Justin Rutledge","2005-05-30","The Supermarket","Toronto","Ontario","Canada"
"1b9bd124","https://www.setlist.fm/setlist/matt-mays-and-el-torpedo/2005/lees-palace-toronto-on-canada-1b9bd124.html","Matt Mays & El Torpedo","2005-06-03","Lee's Palace","Toronto","Ontario","Canada"
"5b896f9c","https://www.setlist.fm/setlist/barenaked-ladies/2005/the-phoenix-concert-theatre-toronto-on-canada-5b896f9c.html","Barenaked Ladies","2005-06-07","The Phoenix Concert Theatre","Toronto","Ontario","Canada"
"6b960a72","https://www.setlist.fm/setlist/bruce-cockburn/2005/the-phoenix-concert-theatre-toronto-on-canada-6b960a72.html","Bruce Cockburn","2005-06-07","The Phoenix Concert Theatre","Toronto","Ontario","Canada"
"53565f55","https://www.setlist.fm/setlist/matthew-barber/2005/el-mocambo-toronto-on-canada-53565f55.html","Matthew Barber","2005-06-09","El Mocambo","Toronto","Ontario","Canada"
"5b565f50","https://www.setlist.fm/setlist/nathan-coles-outfit/2005/gladstone-hotel-toronto-on-canada-5b565f50.html","Nathan Coles Outfit","2005-06-09","Gladstone Hotel","Toronto","Ontario","Canada"
"43565f57","https://www.setlist.fm/setlist/elliott-brood/2005/horseshoe-tavern-toronto-on-canada-43565f57.html","Elliott BROOD","2005-06-09","Horseshoe Tavern","Toronto","Ontario","Canada"
"43565f4f","https://www.setlist.fm/setlist/54-40/2005/the-drake-underground-toronto-on-canada-43565f4f.html","54-40","2005-06-09","The Drake Underground","Toronto","Ontario","Canada"
"4b565f4a","https://www.setlist.fm/setlist/the-high-dials/2005/the-drake-underground-toronto-on-canada-4b565f4a.html","The High Dials","2005-06-09","The Drake Underground","Toronto","Ontario","Canada"
"43565f47","https://www.setlist.fm/setlist/the-yoko-casionos/2005/el-mocambo-toronto-on-canada-43565f47.html","The Yoko Casionos","2005-06-10","El Mocambo","Toronto","Ontario","Canada"
"5b565f38","https://www.setlist.fm/setlist/astrid-young/2005/fox-and-fiddle-toronto-on-canada-5b565f38.html","Astrid Young","2005-06-10","Fox & Fiddle","Toronto","Ontario","Canada"
"4b565f42","https://www.setlist.fm/setlist/valery-gore/2005/holy-joes-toronto-on-canada-4b565f42.html","Valery Gore","2005-06-10","Holy Joe's","Toronto","Ontario","Canada"
"5b565f44","https://www.setlist.fm/setlist/oh-no-not-stereo/2005/rancho-relaxo-toronto-on-canada-5b565f44.html","Oh No Not Stereo","2005-06-10","Rancho Relaxo","Toronto","Ontario","Canada"
"4b565f36","https://www.setlist.fm/setlist/friday-mornings-regret/2005/gladstone-hotel-toronto-on-canada-4b565f36.html","Friday Morning's Regret","2005-06-11","Gladstone Hotel","Toronto","Ontario","Canada"
"43565f33","https://www.setlist.fm/setlist/the-brown-hornets/2005/the-silver-dollar-room-toronto-on-canada-43565f33.html","The Brown Hornets","2005-06-11","The Silver Dollar Room","Toronto","Ontario","Canada"
"1bd1fda8","https://www.setlist.fm/setlist/sloan/2005/mather-arch-park-fort-erie-on-canada-1bd1fda8.html","Sloan","2005-07-03","Mather Arch Park","Fort Erie","Ontario","Canada"
"4b565f2a","https://www.setlist.fm/setlist/ruth-minnikin/2005/rivoli-toronto-on-canada-4b565f2a.html","Ruth Minnikin","2005-07-07","Rivoli","Toronto","Ontario","Canada"
"43565f2f","https://www.setlist.fm/setlist/luke-doucet/2005/rivoli-toronto-on-canada-43565f2f.html","Luke Doucet","2005-07-21","Rivoli","Toronto","Ontario","Canada"
"4b565f22","https://www.setlist.fm/setlist/valery-gore/2005/rivoli-toronto-on-canada-4b565f22.html","Valery Gore","2005-07-21","Rivoli","Toronto","Ontario","Canada"
"5b565f20","https://www.setlist.fm/setlist/peter-elkas/2005/the-drake-underground-toronto-on-canada-5b565f20.html","Peter Elkas","2005-08-04","The Drake Underground","Toronto","Ontario","Canada"
"63565e27","https://www.setlist.fm/setlist/carolyn-mark/2005/harbourfront-centre-toronto-on-canada-63565e27.html","Carolyn Mark","2005-08-12","Harbourfront Centre","Toronto","Ontario","Canada"
"6b565e2a","https://www.setlist.fm/setlist/nq-arbuckle/2005/harbourfront-centre-toronto-on-canada-6b565e2a.html","NQ Arbuckle","2005-08-12","Harbourfront Centre","Toronto","Ontario","Canada"
"7b565e2c","https://www.setlist.fm/setlist/the-sadies/2005/harbourfront-centre-toronto-on-canada-7b565e2c.html","The Sadies","2005-08-12","Harbourfront Centre","Toronto","Ontario","Canada"
"6b565e1a","https://www.setlist.fm/setlist/ancient-chinese-secret/2005/harbourfront-centre-toronto-on-canada-6b565e1a.html","Ancient Chinese Secret","2005-08-13","Harbourfront Centre","Toronto","Ontario","Canada"
"6b565e1e","https://www.setlist.fm/setlist/luke-doucet/2005/harbourfront-centre-toronto-on-canada-6b565e1e.html","Luke Doucet","2005-08-13","Harbourfront Centre","Toronto","Ontario","Canada"
"6b958af6","https://www.setlist.fm/setlist/gordie-sampson/2005/harbourfront-stage-toronto-on-canada-6b958af6.html","Gordie Sampson","2005-08-20","Harbourfront Stage","Toronto","Ontario","Canada"
"7b958af4","https://www.setlist.fm/setlist/joel-plaskett-emergency/2005/harbourfront-stage-toronto-on-canada-7b958af4.html","Joel Plaskett Emergency","2005-08-20","Harbourfront Stage","Toronto","Ontario","Canada"
"73565e15","https://www.setlist.fm/setlist/tracy-bonham/2005/el-mocambo-toronto-on-canada-73565e15.html","Tracy Bonham","2005-08-26","El Mocambo","Toronto","Ontario","Canada"
"7b565e14","https://www.setlist.fm/setlist/valery-gore/2005/el-mocambo-toronto-on-canada-7b565e14.html","Valery Gore","2005-08-26","El Mocambo","Toronto","Ontario","Canada"
"6b565e0e","https://www.setlist.fm/setlist/white-cowbell-oklahoma/2005/lees-palace-toronto-on-canada-6b565e0e.html","White Cowbell Oklahoma","2005-09-17","Lee's Palace","Toronto","Ontario","Canada"
"73565e05","https://www.setlist.fm/setlist/peter-elkas/2005/the-opera-house-toronto-on-canada-73565e05.html","Peter Elkas","2005-09-21","The Opera House","Toronto","Ontario","Canada"
"7b565e00","https://www.setlist.fm/setlist/kos/2005/the-opera-house-toronto-on-canada-7b565e00.html","k‐os","2005-09-21","The Opera House","Toronto","Ontario","Canada"
"63565eff","https://www.setlist.fm/setlist/gentleman-reg/2005/harbourfront-centre-toronto-on-canada-63565eff.html","Gentleman Reg","2005-10-02","Harbourfront Centre","Toronto","Ontario","Canada"
"6b565efa","https://www.setlist.fm/setlist/cuff-the-duke/2005/harbourfront-centre-toronto-on-canada-6b565efa.html","Cuff the Duke","2005-10-02","Harbourfront Centre","Toronto","Ontario","Canada"
"63ca2ac3","https://www.setlist.fm/setlist/lou-barlow/2005/lees-palace-toronto-on-canada-63ca2ac3.html","Lou Barlow","2005-10-03","Lee's Palace","Toronto","Ontario","Canada"
"6bca2ace","https://www.setlist.fm/setlist/the-posies/2005/lees-palace-toronto-on-canada-6bca2ace.html","The Posies","2005-10-03","Lee's Palace","Toronto","Ontario","Canada"
"73565ef1","https://www.setlist.fm/setlist/the-meligrove-band/2005/the-social-toronto-on-canada-73565ef1.html","The Meligrove Band","2005-10-05","The Social","Toronto","Ontario","Canada"
"7b565ef0","https://www.setlist.fm/setlist/the-bicycles/2005/the-social-toronto-on-canada-7b565ef0.html","The Bicycles","2005-10-05","The Social","Toronto","Ontario","Canada"
"13e1f9e9","https://www.setlist.fm/setlist/immaculate-machine/2005/the-phoenix-concert-theatre-toronto-on-canada-13e1f9e9.html","Immaculate Machine","2005-10-09","The Phoenix Concert Theatre","Toronto","Ontario","Canada"
"3bc71094","https://www.setlist.fm/setlist/the-new-pornographers/2005/the-phoenix-concert-theatre-toronto-on-canada-3bc71094.html","The New Pornographers","2005-10-09","The Phoenix Concert Theatre","Toronto","Ontario","Canada"
"3e1f9eb","https://www.setlist.fm/setlist/destroyer/2005/the-phoenix-concert-theatre-toronto-on-canada-3e1f9eb.html","Destroyer","2005-10-09","The Phoenix Concert Theatre","Toronto","Ontario","Canada"
"3bd5d450","https://www.setlist.fm/setlist/paul-mccartney/2005/air-canada-centre-toronto-on-canada-3bd5d450.html","Paul McCartney","2005-10-10","Air Canada Centre","Toronto","Ontario","Canada"
"6b565eea","https://www.setlist.fm/setlist/elliott-brood/2005/horseshoe-tavern-toronto-on-canada-6b565eea.html","Elliott BROOD","2005-10-14","Horseshoe Tavern","Toronto","Ontario","Canada"
"6b565eee","https://www.setlist.fm/setlist/youth-group/2005/hmv-superstore-toronto-on-canada-6b565eee.html","Youth Group","2005-10-15","HMV Superstore","Toronto","Ontario","Canada"
"63565ee3","https://www.setlist.fm/setlist/gentleman-reg/2005/revival-bar-toronto-on-canada-63565ee3.html","Gentleman Reg","2005-10-15","Revival Bar","Toronto","Ontario","Canada"
"73565ee1","https://www.setlist.fm/setlist/the-organ/2005/revival-bar-toronto-on-canada-73565ee1.html","The Organ","2005-10-15","Revival Bar","Toronto","Ontario","Canada"
"2bc570ae","https://www.setlist.fm/setlist/luke-doucet/2005/lees-palace-toronto-on-canada-2bc570ae.html","Luke Doucet","2005-10-22","Lee's Palace","Toronto","Ontario","Canada"
"63565edf","https://www.setlist.fm/setlist/fembots/2005/lees-palace-toronto-on-canada-63565edf.html","FemBots","2005-10-22","Lee's Palace","Toronto","Ontario","Canada"
"73565ed9","https://www.setlist.fm/setlist/shout-out-out-out-out/2005/lees-palace-toronto-on-canada-73565ed9.html","Shout Out Out Out Out","2005-10-22","Lee's Palace","Toronto","Ontario","Canada"
"7b565edc","https://www.setlist.fm/setlist/whitey-houston/2005/lees-palace-toronto-on-canada-7b565edc.html","Whitey Houston","2005-10-22","Lee's Palace","Toronto","Ontario","Canada"
"63565ecb","https://www.setlist.fm/setlist/dale-murray/2005/gladstone-ballroom-toronto-on-canada-63565ecb.html","Dale Murray","2005-11-05","Gladstone Ballroom","Toronto","Ontario","Canada"
"63565ed7","https://www.setlist.fm/setlist/nathan-lawr/2005/gladstone-ballroom-toronto-on-canada-63565ed7.html","Nathan Lawr","2005-11-05","Gladstone Ballroom","Toronto","Ontario","Canada"
"6b565ed6","https://www.setlist.fm/setlist/kate-maki/2005/gladstone-ballroom-toronto-on-canada-6b565ed6.html","Kate Maki","2005-11-05","Gladstone Ballroom","Toronto","Ontario","Canada"
"7b565ed4","https://www.setlist.fm/setlist/ruth-minnikin/2005/gladstone-ballroom-toronto-on-canada-7b565ed4.html","Ruth Minnikin","2005-11-05","Gladstone Ballroom","Toronto","Ontario","Canada"
"73565ec9","https://www.setlist.fm/setlist/the-high-dials/2005/horseshoe-tavern-toronto-on-canada-73565ec9.html","The High Dials","2005-11-08","Horseshoe Tavern","Toronto","Ontario","Canada"
"63565ecf","https://www.setlist.fm/setlist/the-meligrove-band/2005/sneaky-dees-toronto-on-canada-63565ecf.html","The Meligrove Band","2005-11-19","Sneaky Dee's","Toronto","Ontario","Canada"
"73565ecd","https://www.setlist.fm/setlist/republic-of-safety/2005/sneaky-dees-toronto-on-canada-73565ecd.html","Republic of Safety","2005-11-19","Sneaky Dee's","Toronto","Ontario","Canada"
"7b565ecc","https://www.setlist.fm/setlist/the-bicycles/2005/sneaky-dees-toronto-on-canada-7b565ecc.html","The Bicycles","2005-11-19","Sneaky Dee's","Toronto","Ontario","Canada"
"6b565ec2","https://www.setlist.fm/setlist/elliott-brood/2005/horseshoe-tavern-toronto-on-canada-6b565ec2.html","Elliott BROOD","2005-12-31","Horseshoe Tavern","Toronto","Ontario","Canada"
"73565ec1","https://www.setlist.fm/setlist/the-sadies/2005/horseshoe-tavern-toronto-on-canada-73565ec1.html","The Sadies","2005-12-31","Horseshoe Tavern","Toronto","Ontario","Canada"
"3b565890","https://www.setlist.fm/setlist/valery-gore/2006/hughs-room-toronto-on-canada-3b565890.html","Valery Gore","2006-01-04","Hugh's Room","Toronto","Ontario","Canada"
"3f6d52b","https://www.setlist.fm/setlist/neko-case/2006/rivoli-toronto-on-canada-3f6d52b.html","Neko Case","2006-01-04","Rivoli","Toronto","Ontario","Canada"
"2b5658a6","https://www.setlist.fm/setlist/the-brown-hornets/2006/the-silver-dollar-room-toronto-on-canada-2b5658a6.html","The Brown Hornets","2006-01-07","The Silver Dollar Room","Toronto","Ontario","Canada"
"2356589b","https://www.setlist.fm/setlist/the-meligrove-band/2006/mod-club-theatre-toronto-on-canada-2356589b.html","The Meligrove Band","2006-01-13","Mod Club Theatre","Toronto","Ontario","Canada"
"23565893","https://www.setlist.fm/setlist/peter-elkas/2006/hughs-room-toronto-on-canada-23565893.html","Peter Elkas","2006-02-04","Hugh's Room","Toronto","Ontario","Canada"
"2b56589e","https://www.setlist.fm/setlist/matthew-barber/2006/hughs-room-toronto-on-canada-2b56589e.html","Matthew Barber","2006-02-04","Hugh's Room","Toronto","Ontario","Canada"
"2b565896","https://www.setlist.fm/setlist/the-bicycles/2006/the-boat-toronto-on-canada-2b565896.html","The Bicycles","2006-02-10","The Boat","Toronto","Ontario","Canada"
"2b56588a","https://www.setlist.fm/setlist/the-secret-handshake/2006/sneaky-dees-toronto-on-canada-2b56588a.html","The Secret Handshake","2006-02-12","Sneaky Dee's","Toronto","Ontario","Canada"
"3356588d","https://www.setlist.fm/setlist/the-phonemes/2006/sneaky-dees-toronto-on-canada-3356588d.html","The Phonemes","2006-02-12","Sneaky Dee's","Toronto","Ontario","Canada"
"33565895","https://www.setlist.fm/setlist/henri-faberge-and-the-adorables/2006/sneaky-dees-toronto-on-canada-33565895.html","Henri Fabergé and The Adorables","2006-02-12","Sneaky Dee's","Toronto","Ontario","Canada"
"3b565888","https://www.setlist.fm/setlist/ninja-high-school/2006/sneaky-dees-toronto-on-canada-3b565888.html","Ninja High School","2006-02-12","Sneaky Dee's","Toronto","Ontario","Canada"
"2b565886","https://www.setlist.fm/setlist/the-bicycles/2006/the-boat-toronto-on-canada-2b565886.html","The Bicycles","2006-02-16","The Boat","Toronto","Ontario","Canada"
"3b565880","https://www.setlist.fm/setlist/laura-barrett/2006/the-boat-toronto-on-canada-3b565880.html","Laura Barrett","2006-02-16","The Boat","Toronto","Ontario","Canada"
"3c12197","https://www.setlist.fm/setlist/belle-and-sebastian/2006/the-docks-toronto-on-canada-3c12197.html","Belle and Sebastian","2006-02-25","The Docks","Toronto","Ontario","Canada"
"bc12196","https://www.setlist.fm/setlist/the-new-pornographers/2006/the-docks-toronto-on-canada-bc12196.html","The New Pornographers","2006-02-25","The Docks","Toronto","Ontario","Canada"
"5b565b78","https://www.setlist.fm/setlist/pez/2006/gladstone-ballroom-toronto-on-canada-5b565b78.html","PE'Z","2006-03-02","Gladstone Ballroom","Toronto","Ontario","Canada"
"33565885","https://www.setlist.fm/setlist/shoot-the-moon/2006/reverb-toronto-on-canada-33565885.html","Shoot the Moon","2006-03-02","Reverb","Toronto","Ontario","Canada"
"43565b7f","https://www.setlist.fm/setlist/the-blue-van/2006/the-drake-underground-toronto-on-canada-43565b7f.html","The Blue Van","2006-03-02","The Drake Underground","Toronto","Ontario","Canada"
"5b565b7c","https://www.setlist.fm/setlist/iron-on/2006/the-kathedral-toronto-on-canada-5b565b7c.html","Iron On","2006-03-02","The Kathedral","Toronto","Ontario","Canada"
"4b565b7a","https://www.setlist.fm/setlist/shad/2006/the-social-toronto-on-canada-4b565b7a.html","Shad","2006-03-02","The Social","Toronto","Ontario","Canada"
"53565b61","https://www.setlist.fm/setlist/soak-the-sin/2006/bovine-sex-club-toronto-on-canada-53565b61.html","Soak the Sin","2006-03-03","Bovine Sex Club","Toronto","Ontario","Canada"
"4b565b6a","https://www.setlist.fm/setlist/the-barmitzvah-brothers/2006/the-silver-dollar-room-toronto-on-canada-4b565b6a.html","The Barmitzvah Brothers","2006-03-03","The Silver Dollar Room","Toronto","Ontario","Canada"
"5b565b64","https://www.setlist.fm/setlist/the-brown-hornets/2006/the-comfort-zone-toronto-on-canada-5b565b64.html","The Brown Hornets","2006-03-04","The Comfort Zone","Toronto","Ontario","Canada"
"4b565b5a","https://www.setlist.fm/setlist/the-brown-hornets/2006/rivoli-toronto-on-canada-4b565b5a.html","The Brown Hornets","2006-03-10","Rivoli","Toronto","Ontario","Canada"
"3b56547c","https://www.setlist.fm/setlist/matt-murphy/2006/the-drake-underground-toronto-on-canada-3b56547c.html","Matt Murphy","2006-05-04","The Drake Underground","Toronto","Ontario","Canada"
"23565473","https://www.setlist.fm/setlist/al-tuck/2006/lees-palace-toronto-on-canada-23565473.html","Al Tuck","2006-05-06","Lee's Palace","Toronto","Ontario","Canada"
"2b565472","https://www.setlist.fm/setlist/matt-murphy/2006/lees-palace-toronto-on-canada-2b565472.html","Matt Murphy","2006-05-06","Lee's Palace","Toronto","Ontario","Canada"
"1b93f940","https://www.setlist.fm/setlist/two-hours-traffic/2006/the-phoenix-concert-theatre-toronto-on-canada-1b93f940.html","Two Hours Traffic","2006-05-25","The Phoenix Concert Theatre","Toronto","Ontario","Canada"
"2b93b0a2","https://www.setlist.fm/setlist/joel-plaskett-emergency/2006/the-phoenix-concert-theatre-toronto-on-canada-2b93b0a2.html","Joel Plaskett Emergency","2006-05-25","The Phoenix Concert Theatre","Toronto","Ontario","Canada"
"b93f946","https://www.setlist.fm/setlist/melissa-mcclelland/2006/the-phoenix-concert-theatre-toronto-on-canada-b93f946.html","Melissa McClelland","2006-05-25","The Phoenix Concert Theatre","Toronto","Ontario","Canada"
"23565463","https://www.setlist.fm/setlist/james-mckenty/2006/healeys-toronto-on-canada-23565463.html","James McKenty","2006-06-08","Healey's","Toronto","Ontario","Canada"
"2b56546e","https://www.setlist.fm/setlist/adam-puddington/2006/healeys-toronto-on-canada-2b56546e.html","Adam Puddington","2006-06-08","Healey's","Toronto","Ontario","Canada"
"2b56546a","https://www.setlist.fm/setlist/code-pie/2006/holy-joes-toronto-on-canada-2b56546a.html","Code Pie","2006-06-08","Holy Joe's","Toronto","Ontario","Canada"
"33565475","https://www.setlist.fm/setlist/the-ride-theory/2006/the-silver-dollar-room-toronto-on-canada-33565475.html","The Ride Theory","2006-06-08","The Silver Dollar Room","Toronto","Ontario","Canada"
"2356545f","https://www.setlist.fm/setlist/novillero/2006/el-mocambo-toronto-on-canada-2356545f.html","Novillero","2006-06-09","El Mocambo","Toronto","Ontario","Canada"
"2356545b","https://www.setlist.fm/setlist/superjuice/2006/hooch-toronto-on-canada-2356545b.html","Superjuice","2006-06-09","Hooch","Toronto","Ontario","Canada"
"2b56545a","https://www.setlist.fm/setlist/jason-falkner/2006/reverb-toronto-on-canada-2b56545a.html","Jason Falkner","2006-06-09","Reverb","Toronto","Ontario","Canada"
"2b565452","https://www.setlist.fm/setlist/king-khan-and-the-shrines/2006/the-comfort-zone-toronto-on-canada-2b565452.html","King Khan & The Shrines","2006-06-09","The Comfort Zone","Toronto","Ontario","Canada"
"23565467","https://www.setlist.fm/setlist/stirling/2006/the-supermarket-toronto-on-canada-23565467.html","Stirling","2006-06-09","The Supermarket","Toronto","Ontario","Canada"
"2b565466","https://www.setlist.fm/setlist/faces-on-film/2006/the-supermarket-toronto-on-canada-2b565466.html","Faces on Film","2006-06-09","The Supermarket","Toronto","Ontario","Canada"
"33565461","https://www.setlist.fm/setlist/paper-moon/2006/the-supermarket-toronto-on-canada-33565461.html","Paper Moon","2006-06-09","The Supermarket","Toronto","Ontario","Canada"
"33565465","https://www.setlist.fm/setlist/the-ride-theory/2006/the-supermarket-toronto-on-canada-33565465.html","The Ride Theory","2006-06-09","The Supermarket","Toronto","Ontario","Canada"
"3b565460","https://www.setlist.fm/setlist/junetile/2006/the-supermarket-toronto-on-canada-3b565460.html","Junetile","2006-06-09","The Supermarket","Toronto","Ontario","Canada"
"23565447","https://www.setlist.fm/setlist/valery-gore/2006/the-cameron-house-back-room-toronto-on-canada-23565447.html","Valery Gore","2006-06-10","The Cameron House (Back Room)","Toronto","Ontario","Canada"
"2356543b","https://www.setlist.fm/setlist/the-brown-hornets/2006/the-comfort-zone-toronto-on-canada-2356543b.html","The Brown Hornets","2006-06-10","The Comfort Zone","Toronto","Ontario","Canada"
"2b56543e","https://www.setlist.fm/setlist/the-bicycles/2006/tranzac-club-toronto-on-canada-2b56543e.html","The Bicycles","2006-08-19","Tranzac Club","Toronto","Ontario","Canada"
"1bdbcda8","https://www.setlist.fm/setlist/todd-rundgren/2006/danforth-music-hall-toronto-on-canada-1bdbcda8.html","Todd Rundgren","2006-09-04","Danforth Music Hall","Toronto","Ontario","Canada"
"7356565d","https://www.setlist.fm/setlist/joel-plaskett-emergency/2007/the-opera-house-toronto-on-canada-7356565d.html","Joel Plaskett Emergency","2007-05-25","The Opera House","Toronto","Ontario","Canada"
"357b10f","https://www.setlist.fm/setlist/royal-wood/2007/gladstone-hotel-toronto-on-canada-357b10f.html","Royal Wood","2007-06-07","Gladstone Hotel","Toronto","Ontario","Canada"
"b57b1fa","https://www.setlist.fm/setlist/woodpigeon/2007/the-drake-underground-toronto-on-canada-b57b1fa.html","Woodpigeon","2007-06-07","The Drake Underground","Toronto","Ontario","Canada"
"1357b1fd","https://www.setlist.fm/setlist/ruth-minnikin-and-her-bandwagon/2007/the-cameron-house-back-room-toronto-on-canada-1357b1fd.html","Ruth Minnikin & Her Bandwagon","2007-06-08","The Cameron House (Back Room)","Toronto","Ontario","Canada"
"357b1f7","https://www.setlist.fm/setlist/melissa-mcclelland/2007/the-drake-underground-toronto-on-canada-357b1f7.html","Melissa McClelland","2007-06-08","The Drake Underground","Toronto","Ontario","Canada"
"b57b1f2","https://www.setlist.fm/setlist/peter-elkas/2007/the-drake-underground-toronto-on-canada-b57b1f2.html","Peter Elkas","2007-06-08","The Drake Underground","Toronto","Ontario","Canada"
"1b57b1f4","https://www.setlist.fm/setlist/ohbijou/2007/horseshoe-tavern-toronto-on-canada-1b57b1f4.html","Ohbijou","2007-06-09","Horseshoe Tavern","Toronto","Ontario","Canada"
"1357b1d9","https://www.setlist.fm/setlist/wendy-mcneill/2007/six-shooter-records-toronto-on-canada-1357b1d9.html","Wendy McNeill","2007-06-09","Six Shooter Records","Toronto","Ontario","Canada"
"1b57b1d8","https://www.setlist.fm/setlist/captain-tractor/2007/six-shooter-records-toronto-on-canada-1b57b1d8.html","Captain Tractor","2007-06-09","Six Shooter Records","Toronto","Ontario","Canada"
"1b57b1dc","https://www.setlist.fm/setlist/melissa-mcclelland/2007/six-shooter-records-toronto-on-canada-1b57b1dc.html","Melissa McClelland","2007-06-09","Six Shooter Records","Toronto","Ontario","Canada"
"1b57b1e0","https://www.setlist.fm/setlist/ford-pier/2007/six-shooter-records-toronto-on-canada-1b57b1e0.html","Ford Pier","2007-06-09","Six Shooter Records","Toronto","Ontario","Canada"
"1b57b1e4","https://www.setlist.fm/setlist/justin-rutledge/2007/six-shooter-records-toronto-on-canada-1b57b1e4.html","Justin Rutledge","2007-06-09","Six Shooter Records","Toronto","Ontario","Canada"
"357b1d3","https://www.setlist.fm/setlist/jason-plumb/2007/six-shooter-records-toronto-on-canada-357b1d3.html","Jason Plumb","2007-06-09","Six Shooter Records","Toronto","Ontario","Canada"
"b57b1d2","https://www.setlist.fm/setlist/royal-wood/2007/six-shooter-records-toronto-on-canada-b57b1d2.html","Royal Wood","2007-06-09","Six Shooter Records","Toronto","Ontario","Canada"
"b57b1da","https://www.setlist.fm/setlist/nq-arbuckle/2007/six-shooter-records-toronto-on-canada-b57b1da.html","NQ Arbuckle","2007-06-09","Six Shooter Records","Toronto","Ontario","Canada"
"b57b1de","https://www.setlist.fm/setlist/valery-gore/2007/six-shooter-records-toronto-on-canada-b57b1de.html","Valery Gore","2007-06-09","Six Shooter Records","Toronto","Ontario","Canada"
"3b5648a8","https://www.setlist.fm/setlist/the-bicycles/2007/tranzac-club-toronto-on-canada-3b5648a8.html","The Bicycles","2007-08-10","Tranzac Club","Toronto","Ontario","Canada"
"2b5648ae","https://www.setlist.fm/setlist/entire-cities/2007/lees-palace-toronto-on-canada-2b5648ae.html","Entire Cities","2007-09-06","Lee's Palace","Toronto","Ontario","Canada"
"6b9656fe","https://www.setlist.fm/setlist/we-are-scientists/2007/lees-palace-toronto-on-canada-6b9656fe.html","We Are Scientists","2007-09-06","Lee's Palace","Toronto","Ontario","Canada"
"3b5648ac","https://www.setlist.fm/setlist/entire-cities/2007/rancho-relaxo-toronto-on-canada-3b5648ac.html","Entire Cities","2007-09-14","Rancho Relaxo","Toronto","Ontario","Canada"
"23c820fb","https://www.setlist.fm/setlist/erics-trip/2007/lees-palace-toronto-on-canada-23c820fb.html","Eric’s Trip","2007-09-15","Lee's Palace","Toronto","Ontario","Canada"
"7b565650","https://www.setlist.fm/setlist/erics-trip/2007/starlight-waterloo-on-canada-7b565650.html","Eric’s Trip","2007-09-20","Starlight","Waterloo","Ontario","Canada"
"2357b0bb","https://www.setlist.fm/setlist/the-cure/2007/air-canada-centre-toronto-on-canada-2357b0bb.html","The Cure","2007-09-27","Air Canada Centre","Toronto","Ontario","Canada"
"2b5648a6","https://www.setlist.fm/setlist/entire-cities/2007/sneaky-dees-toronto-on-canada-2b5648a6.html","Entire Cities","2007-10-10","Sneaky Dee's","Toronto","Ontario","Canada"
"73aeb229","https://www.setlist.fm/setlist/sharon-jones-and-the-dapkings/2007/the-phoenix-concert-theatre-toronto-on-canada-73aeb229.html","Sharon Jones and the Dap‐Kings","2007-11-13","The Phoenix Concert Theatre","Toronto","Ontario","Canada"
"63565627","https://www.setlist.fm/setlist/elliott-brood/2007/lees-palace-toronto-on-canada-63565627.html","Elliott BROOD","2007-11-16","Lee's Palace","Toronto","Ontario","Canada"
"3393b099","https://www.setlist.fm/setlist/joel-plaskett-emergency/2007/horseshoe-tavern-toronto-on-canada-3393b099.html","Joel Plaskett Emergency","2007-12-10","Horseshoe Tavern","Toronto","Ontario","Canada"
"6b90b6da","https://www.setlist.fm/setlist/museum-pieces/2007/horseshoe-tavern-toronto-on-canada-6b90b6da.html","Museum Pieces","2007-12-10","Horseshoe Tavern","Toronto","Ontario","Canada"
"2393b09f","https://www.setlist.fm/setlist/joel-plaskett-emergency/2007/horseshoe-tavern-toronto-on-canada-2393b09f.html","Joel Plaskett Emergency","2007-12-11","Horseshoe Tavern","Toronto","Ontario","Canada"
"23b7a46b","https://www.setlist.fm/setlist/the-spades/2007/horseshoe-tavern-toronto-on-canada-23b7a46b.html","The Spades","2007-12-12","Horseshoe Tavern","Toronto","Ontario","Canada"
"7b9656fc","https://www.setlist.fm/setlist/joel-plaskett-emergency/2007/horseshoe-tavern-toronto-on-canada-7b9656fc.html","Joel Plaskett Emergency","2007-12-12","Horseshoe Tavern","Toronto","Ontario","Canada"
"2b93b09e","https://www.setlist.fm/setlist/joel-plaskett-emergency/2007/horseshoe-tavern-toronto-on-canada-2b93b09e.html","Joel Plaskett Emergency","2007-12-13","Horseshoe Tavern","Toronto","Ontario","Canada"
"6390b6e7","https://www.setlist.fm/setlist/peter-elkas/2007/horseshoe-tavern-toronto-on-canada-6390b6e7.html","Peter Elkas","2007-12-13","Horseshoe Tavern","Toronto","Ontario","Canada"
"3b93b09c","https://www.setlist.fm/setlist/joel-plaskett-emergency/2007/horseshoe-tavern-toronto-on-canada-3b93b09c.html","Joel Plaskett Emergency","2007-12-14","Horseshoe Tavern","Toronto","Ontario","Canada"
"7390b6e1","https://www.setlist.fm/setlist/two-hours-traffic/2007/horseshoe-tavern-toronto-on-canada-7390b6e1.html","Two Hours Traffic","2007-12-14","Horseshoe Tavern","Toronto","Ontario","Canada"
"2356488f","https://www.setlist.fm/setlist/joel-plaskett-emergency/2007/horseshoe-tavern-toronto-on-canada-2356488f.html","Joel Plaskett Emergency","2007-12-15","Horseshoe Tavern","Toronto","Ontario","Canada"
"2357b0c7","https://www.setlist.fm/setlist/one-hundred-dollars/2008/music-gallery-at-st-george-the-martyr-church-toronto-on-canada-2357b0c7.html","One Hundred Dollars","2008-02-09","Music Gallery at St George the Martyr Church","Toronto","Ontario","Canada"
"3b57b0c0","https://www.setlist.fm/setlist/the-luyas/2008/music-gallery-at-st-george-the-martyr-church-toronto-on-canada-3b57b0c0.html","The Luyas","2008-02-09","Music Gallery at St George the Martyr Church","Toronto","Ontario","Canada"
"23b35c9b","https://www.setlist.fm/setlist/rick-white/2008/music-gallery-toronto-on-canada-23b35c9b.html","Rick White","2008-02-09","Music Gallery","Toronto","Ontario","Canada"
"4b57b312","https://www.setlist.fm/setlist/mark-berube/2008/holy-joes-toronto-on-canada-4b57b312.html","Mark Berube","2008-03-06","Holy Joe's","Toronto","Ontario","Canada"
"4357b33b","https://www.setlist.fm/setlist/julie-doiron/2008/rivoli-toronto-on-canada-4357b33b.html","Julie Doiron","2008-03-06","Rivoli","Toronto","Ontario","Canada"
"5b57b324","https://www.setlist.fm/setlist/camouflage-nights/2008/sneaky-dees-toronto-on-canada-5b57b324.html","Camouflage Nights","2008-03-06","Sneaky Dee's","Toronto","Ontario","Canada"
"13813961","https://www.setlist.fm/setlist/sloan/2008/the-supermarket-toronto-on-canada-13813961.html","Sloan","2008-03-06","The Supermarket","Toronto","Ontario","Canada"
"4357b303","https://www.setlist.fm/setlist/the-barmitzvah-brothers/2008/the-silver-dollar-room-toronto-on-canada-4357b303.html","The Barmitzvah Brothers","2008-03-07","The Silver Dollar Room","Toronto","Ontario","Canada"
"4b57b316","https://www.setlist.fm/setlist/jenny-omnichord/2008/the-silver-dollar-room-toronto-on-canada-4b57b316.html","Jenny Omnichord","2008-03-07","The Silver Dollar Room","Toronto","Ontario","Canada"
"1bbc4978","https://www.setlist.fm/setlist/dog-day/2008/criminal-records-toronto-on-canada-1bbc4978.html","Dog Day","2008-03-08","Criminal Records","Toronto","Ontario","Canada"
"5357b3e9","https://www.setlist.fm/setlist/the-superfantastics/2008/criminal-records-toronto-on-canada-5357b3e9.html","The Superfantastics","2008-03-08","Criminal Records","Toronto","Ontario","Canada"
"5b57b3e0","https://www.setlist.fm/setlist/julie-doiron/2008/criminal-records-toronto-on-canada-5b57b3e0.html","Julie Doiron","2008-03-08","Criminal Records","Toronto","Ontario","Canada"
"5357b3f9","https://www.setlist.fm/setlist/laura-barrett/2008/soundscapes-toronto-on-canada-5357b3f9.html","Laura Barrett","2008-03-08","Soundscapes","Toronto","Ontario","Canada"
"3357b0a5","https://www.setlist.fm/setlist/the-burning-hell/2008/gus-pub-and-grill-halifax-ns-canada-3357b0a5.html","The Burning Hell","2008-04-24","Gus' Pub & Grill","Halifax","Nova Scotia","Canada"
"2357b093","https://www.setlist.fm/setlist/ruth-minnikin/2008/petite-riviere-volunteer-fire-department-petite-riviere-ns-canada-2357b093.html","Ruth Minnikin","2008-04-25","Petite Riviere Volunteer Fire Department","Petite Rivière","Nova Scotia","Canada"
"239e30f7","https://www.setlist.fm/setlist/slowcoaster/2008/the-palace-halifax-ns-canada-239e30f7.html","Slowcoaster","2008-05-02","The Palace","Halifax","Nova Scotia","Canada"
"7b9ed608","https://www.setlist.fm/setlist/sloan/2008/the-palace-halifax-ns-canada-7b9ed608.html","Sloan","2008-05-02","The Palace","Halifax","Nova Scotia","Canada"
"b881526","https://www.setlist.fm/setlist/erics-trip/2008/mod-club-theatre-toronto-on-canada-b881526.html","Eric’s Trip","2008-06-03","Mod Club Theatre","Toronto","Ontario","Canada"
"4b57b36a","https://www.setlist.fm/setlist/aleks-and-the-ramps/2008/the-boat-toronto-on-canada-4b57b36a.html","Aleks and the Ramps","2008-06-11","The Boat","Toronto","Ontario","Canada"
"4b57b37a","https://www.setlist.fm/setlist/vesper-hours/2008/the-boat-toronto-on-canada-4b57b37a.html","Vesper Hours","2008-06-11","The Boat","Toronto","Ontario","Canada"
"2b57b0be","https://www.setlist.fm/setlist/erich-kunzel/2008/roy-thomson-hall-toronto-on-canada-2b57b0be.html","Erich Kunzel","2008-06-20","Roy Thomson Hall","Toronto","Ontario","Canada"
"1b965594","https://www.setlist.fm/setlist/cuff-the-duke/2008/horseshoe-tavern-toronto-on-canada-1b965594.html","Cuff the Duke","2008-08-22","Horseshoe Tavern","Toronto","Ontario","Canada"
"bd6b14e","https://www.setlist.fm/setlist/stereolab/2008/the-phoenix-concert-theatre-toronto-on-canada-bd6b14e.html","Stereolab","2008-10-08","The Phoenix Concert Theatre","Toronto","Ontario","Canada"
"2b57b0b6","https://www.setlist.fm/setlist/the-bicycles/2008/lees-palace-toronto-on-canada-2b57b0b6.html","The Bicycles","2008-11-08","Lee's Palace","Toronto","Ontario","Canada"
"3b57b0b4","https://www.setlist.fm/setlist/young-rival/2008/lees-palace-toronto-on-canada-3b57b0b4.html","Young Rival","2008-11-08","Lee's Palace","Toronto","Ontario","Canada"
"2bd4586a","https://www.setlist.fm/setlist/mark-olson-and-gary-louris/2009/mod-club-theatre-toronto-on-canada-2bd4586a.html","Mark Olson & Gary Louris","2009-02-04","Mod Club Theatre","Toronto","Ontario","Canada"
"23d6d8d7","https://www.setlist.fm/setlist/the-rural-alberta-advantage/2009/sneaky-dees-toronto-on-canada-23d6d8d7.html","The Rural Alberta Advantage","2009-02-22","Sneaky Dee's","Toronto","Ontario","Canada"
"23c82027","https://www.setlist.fm/setlist/julie-doiron/2009/horseshoe-tavern-toronto-on-canada-23c82027.html","Julie Doiron","2009-03-26","Horseshoe Tavern","Toronto","Ontario","Canada"
"13d6195d","https://www.setlist.fm/setlist/joel-plaskett-emergency/2009/massey-hall-toronto-on-canada-13d6195d.html","Joel Plaskett Emergency","2009-05-23","Massey Hall","Toronto","Ontario","Canada"
"23579853","https://www.setlist.fm/setlist/ben-gunning/2009/tranzac-club-toronto-on-canada-23579853.html","Ben Gunning","2009-06-27","Tranzac Club","Toronto","Ontario","Canada"
"3bd65808","https://www.setlist.fm/setlist/neko-case/2009/massey-hall-toronto-on-canada-3bd65808.html","Neko Case","2009-07-14","Massey Hall","Toronto","Ontario","Canada"
"5bd7eb50","https://www.setlist.fm/setlist/wilco/2009/massey-hall-toronto-on-canada-5bd7eb50.html","Wilco","2009-10-14","Massey Hall","Toronto","Ontario","Canada"
"2b579812","https://www.setlist.fm/setlist/shotgun-jimmie/2009/lees-palace-toronto-on-canada-2b579812.html","Shotgun Jimmie","2009-10-27","Lee's Palace","Toronto","Ontario","Canada"
"2b57983e","https://www.setlist.fm/setlist/herman-dune/2009/lees-palace-toronto-on-canada-2b57983e.html","Herman Dune","2009-10-27","Lee's Palace","Toronto","Ontario","Canada"
"63d7d27f","https://www.setlist.fm/setlist/julie-doiron/2009/lees-palace-toronto-on-canada-63d7d27f.html","Julie Doiron","2009-10-27","Lee's Palace","Toronto","Ontario","Canada"
"2357986b","https://www.setlist.fm/setlist/jim-guthrie/2009/tranzac-club-toronto-on-canada-2357986b.html","Jim Guthrie","2009-12-31","Tranzac Club","Toronto","Ontario","Canada"
"2b579862","https://www.setlist.fm/setlist/laura-barrett/2009/tranzac-club-toronto-on-canada-2b579862.html","Laura Barrett","2009-12-31","Tranzac Club","Toronto","Ontario","Canada"
"3b57986c","https://www.setlist.fm/setlist/the-magic/2009/tranzac-club-toronto-on-canada-3b57986c.html","The Magic","2009-12-31","Tranzac Club","Toronto","Ontario","Canada"
"6bdf32e2","https://www.setlist.fm/setlist/gentleman-reg/2009/tranzac-club-toronto-on-canada-6bdf32e2.html","Gentleman Reg","2009-12-31","Tranzac Club","Toronto","Ontario","Canada"
"235790eb","https://www.setlist.fm/setlist/one-hundred-dollars/2010/horseshoe-tavern-toronto-on-canada-235790eb.html","One Hundred Dollars","2010-01-22","Horseshoe Tavern","Toronto","Ontario","Canada"
"235790b7","https://www.setlist.fm/setlist/allie-hughes/2010/rivoli-toronto-on-canada-235790b7.html","Allie Hughes","2010-01-29","Rivoli","Toronto","Ontario","Canada"
"335790b1","https://www.setlist.fm/setlist/ben-gunning/2010/rivoli-toronto-on-canada-335790b1.html","Ben Gunning","2010-01-29","Rivoli","Toronto","Ontario","Canada"
"2b5790e2","https://www.setlist.fm/setlist/laura-barrett/2010/queen-elizabeth-theatre-toronto-on-canada-2b5790e2.html","Laura Barrett","2010-02-08","Queen Elizabeth Theatre","Toronto","Ontario","Canada"
"53d75f01","https://www.setlist.fm/setlist/the-magnetic-fields/2010/queen-elizabeth-theatre-toronto-on-canada-53d75f01.html","The Magnetic Fields","2010-02-08","Queen Elizabeth Theatre","Toronto","Ontario","Canada"
"bde4dfa","https://www.setlist.fm/setlist/thrush-hermit/2010/lees-palace-toronto-on-canada-bde4dfa.html","Thrush Hermit","2010-03-26","Lee's Palace","Toronto","Ontario","Canada"
"1390b109","https://www.setlist.fm/setlist/attack-in-black/2010/lees-palace-toronto-on-canada-1390b109.html","Attack in Black","2010-03-27","Lee's Palace","Toronto","Ontario","Canada"
"7bd49efc","https://www.setlist.fm/setlist/thrush-hermit/2010/lees-palace-toronto-on-canada-7bd49efc.html","Thrush Hermit","2010-03-27","Lee's Palace","Toronto","Ontario","Canada"
"63d58643","https://www.setlist.fm/setlist/eddie-izzard/2010/massey-hall-toronto-on-canada-63d58643.html","Eddie Izzard","2010-04-30","Massey Hall","Toronto","Ontario","Canada"
"23579007","https://www.setlist.fm/setlist/wyrd-visions/2010/lees-palace-toronto-on-canada-23579007.html","Wyrd Visions","2010-05-14","Lee's Palace","Toronto","Ontario","Canada"
"2b5790fe","https://www.setlist.fm/setlist/castlemusic/2010/lees-palace-toronto-on-canada-2b5790fe.html","Castlemusic","2010-05-14","Lee's Palace","Toronto","Ontario","Canada"
"33579001","https://www.setlist.fm/setlist/eiyn-sof/2010/lees-palace-toronto-on-canada-33579001.html","Eiyn Sof","2010-05-14","Lee's Palace","Toronto","Ontario","Canada"
"33579005","https://www.setlist.fm/setlist/andre-ethier/2010/lees-palace-toronto-on-canada-33579005.html","André Ethier","2010-05-14","Lee's Palace","Toronto","Ontario","Canada"
"3b579004","https://www.setlist.fm/setlist/nordic-nomadic/2010/lees-palace-toronto-on-canada-3b579004.html","Nordic Nomadic","2010-05-14","Lee's Palace","Toronto","Ontario","Canada"
"3bb35c88","https://www.setlist.fm/setlist/rick-white/2010/lees-palace-toronto-on-canada-3bb35c88.html","Rick White","2010-05-14","Lee's Palace","Toronto","Ontario","Canada"
"73d3fe7d","https://www.setlist.fm/setlist/one-hundred-dollars/2010/lees-palace-toronto-on-canada-73d3fe7d.html","One Hundred Dollars","2010-05-14","Lee's Palace","Toronto","Ontario","Canada"
"235790df","https://www.setlist.fm/setlist/matt-murphy/2010/mod-club-theatre-toronto-on-canada-235790df.html","Matt Murphy","2010-05-27","Mod Club Theatre","Toronto","Ontario","Canada"
"2b5790da","https://www.setlist.fm/setlist/zeus/2010/mod-club-theatre-toronto-on-canada-2b5790da.html","Zeus","2010-05-27","Mod Club Theatre","Toronto","Ontario","Canada"
"235790af","https://www.setlist.fm/setlist/the-inbreds/2010/skeleton-park-arts-festival-kingston-on-canada-235790af.html","The Inbreds","2010-06-19","Skeleton Park Arts Festival","Kingston","Ontario","Canada"
"43578763","https://www.setlist.fm/setlist/matt-murphy/2010/the-drake-underground-toronto-on-canada-43578763.html","Matt Murphy","2010-07-04","The Drake Underground","Toronto","Ontario","Canada"
"5357876d","https://www.setlist.fm/setlist/ben-gunning/2010/the-drake-underground-toronto-on-canada-5357876d.html","Ben Gunning","2010-07-04","The Drake Underground","Toronto","Ontario","Canada"
"2357909f","https://www.setlist.fm/setlist/jasper-sloan-yip/2010/granville-island-vancouver-bc-canada-2357909f.html","Jasper Sloan Yip","2010-07-09","Granville Island","Vancouver","British Columbia","Canada"
"23579097","https://www.setlist.fm/setlist/bocce/2010/artscape-gibraltar-point-toronto-on-canada-23579097.html","Bocce","2010-08-07","Artscape Gibraltar Point","Toronto","Ontario","Canada"
"23a33c4f","https://www.setlist.fm/setlist/rick-white/2010/artscape-gibraltar-point-toronto-on-canada-23a33c4f.html","Rick White","2010-08-07","Artscape Gibraltar Point","Toronto","Ontario","Canada"
"2b579092","https://www.setlist.fm/setlist/huelepega-sound-system/2010/artscape-gibraltar-point-toronto-on-canada-2b579092.html","Huelepega Sound System","2010-08-07","Artscape Gibraltar Point","Toronto","Ontario","Canada"
"33579091","https://www.setlist.fm/setlist/krista-muir/2010/artscape-gibraltar-point-toronto-on-canada-33579091.html","Krista Muir","2010-08-07","Artscape Gibraltar Point","Toronto","Ontario","Canada"
"53bc4715","https://www.setlist.fm/setlist/dog-day/2010/artscape-gibraltar-point-toronto-on-canada-53bc4715.html","Dog Day","2010-08-07","Artscape Gibraltar Point","Toronto","Ontario","Canada"
"6bd5b236","https://www.setlist.fm/setlist/paul-mccartney/2010/air-canada-centre-toronto-on-canada-6bd5b236.html","Paul McCartney","2010-08-08","Air Canada Centre","Toronto","Ontario","Canada"
"2bd51c8a","https://www.setlist.fm/setlist/belle-and-sebastian/2010/massey-hall-toronto-on-canada-2bd51c8a.html","Belle and Sebastian","2010-10-12","Massey Hall","Toronto","Ontario","Canada"
"53f23f11","https://www.setlist.fm/setlist/zeus/2010/massey-hall-toronto-on-canada-53f23f11.html","Zeus","2010-10-12","Massey Hall","Toronto","Ontario","Canada"
"335790c5","https://www.setlist.fm/setlist/isobel-campbell/2010/criminal-records-toronto-on-canada-335790c5.html","Isobel Campbell","2010-10-20","Criminal Records","Toronto","Ontario","Canada"
"13d50949","https://www.setlist.fm/setlist/isobel-campbell-and-mark-lanegan/2010/lees-palace-toronto-on-canada-13d50949.html","Isobel Campbell & Mark Lanegan","2010-10-20","Lee's Palace","Toronto","Ontario","Canada"
"5bd57b64","https://www.setlist.fm/setlist/dan-mangan/2010/trinity-st-pauls-united-church-toronto-on-canada-5bd57b64.html","Dan Mangan","2010-10-28","Trinity-St. Paul's United Church","Toronto","Ontario","Canada"
"3de01ef","https://www.setlist.fm/setlist/the-jayhawks/2011/the-phoenix-concert-theatre-toronto-on-canada-3de01ef.html","The Jayhawks","2011-01-18","The Phoenix Concert Theatre","Toronto","Ontario","Canada"
"13d2c141","https://www.setlist.fm/setlist/julie-doiron/2011/horseshoe-tavern-toronto-on-canada-13d2c141.html","Julie Doiron","2011-02-03","Horseshoe Tavern","Toronto","Ontario","Canada"
"535793d9","https://www.setlist.fm/setlist/little-scream/2011/horseshoe-tavern-toronto-on-canada-535793d9.html","Little Scream","2011-02-03","Horseshoe Tavern","Toronto","Ontario","Canada"
"3bd26014","https://www.setlist.fm/setlist/jeff-tweedy/2011/queen-elizabeth-theatre-toronto-on-canada-3bd26014.html","Jeff Tweedy","2011-03-22","Queen Elizabeth Theatre","Toronto","Ontario","Canada"
"33d07421","https://www.setlist.fm/setlist/jonathan-richman/2011/revival-bar-toronto-on-canada-33d07421.html","Jonathan Richman","2011-10-05","Revival Bar","Toronto","Ontario","Canada"
"4b57876a","https://www.setlist.fm/setlist/entire-cities/2011/horseshoe-tavern-toronto-on-canada-4b57876a.html","Entire Cities","2011-10-06","Horseshoe Tavern","Toronto","Ontario","Canada"
"4bd06742","https://www.setlist.fm/setlist/wild-flag/2011/lees-palace-toronto-on-canada-4bd06742.html","Wild Flag","2011-10-11","Lee's Palace","Toronto","Ontario","Canada"
"53a9fb69","https://www.setlist.fm/setlist/crocodiles/2011/lees-palace-toronto-on-canada-53a9fb69.html","Crocodiles","2011-10-16","Lee's Palace","Toronto","Ontario","Canada"
"53d05709","https://www.setlist.fm/setlist/dum-dum-girls/2011/lees-palace-toronto-on-canada-53d05709.html","Dum Dum Girls","2011-10-16","Lee's Palace","Toronto","Ontario","Canada"
"23d1ac67","https://www.setlist.fm/setlist/dan-mangan/2011/queen-elizabeth-theatre-toronto-on-canada-23d1ac67.html","Dan Mangan","2011-10-28","Queen Elizabeth Theatre","Toronto","Ontario","Canada"
"23d1044b","https://www.setlist.fm/setlist/ohbijou/2011/the-great-hall-toronto-on-canada-23d1044b.html","Ohbijou","2011-12-21","The Great Hall","Toronto","Ontario","Canada"
"3bd10448","https://www.setlist.fm/setlist/the-rural-alberta-advantage/2011/the-great-hall-toronto-on-canada-3bd10448.html","The Rural Alberta Advantage","2011-12-21","The Great Hall","Toronto","Ontario","Canada"
"4bd10bae","https://www.setlist.fm/setlist/sloan/2011/the-great-hall-toronto-on-canada-4bd10bae.html","Sloan","2011-12-21","The Great Hall","Toronto","Ontario","Canada"
"6b579286","https://www.setlist.fm/setlist/mike-oneill/2012/soundscapes-toronto-on-canada-6b579286.html","Mike O’Neill","2012-03-15","Soundscapes","Toronto","Ontario","Canada"
"1b578d60","https://www.setlist.fm/setlist/simone-felice/2012/sonic-boom-toronto-on-canada-1b578d60.html","Simone Felice","2012-03-22","Sonic Boom","Toronto","Ontario","Canada"
"3578d5b","https://www.setlist.fm/setlist/great-bloomers/2012/sonic-boom-toronto-on-canada-3578d5b.html","Great Bloomers","2012-03-22","Sonic Boom","Toronto","Ontario","Canada"
"73579285","https://www.setlist.fm/setlist/martha-wainwright/2012/sonic-boom-toronto-on-canada-73579285.html","Martha Wainwright","2012-03-22","Sonic Boom","Toronto","Ontario","Canada"
"3578d73","https://www.setlist.fm/setlist/the-inbreds/2012/sonic-boom-toronto-on-canada-3578d73.html","The Inbreds","2012-03-23","Sonic Boom","Toronto","Ontario","Canada"
"13f525d5","https://www.setlist.fm/setlist/the-inbreds/2012/lees-palace-toronto-on-canada-13f525d5.html","The Inbreds","2012-03-24","Lee's Palace","Toronto","Ontario","Canada"
"13df858d","https://www.setlist.fm/setlist/frank-turner/2012/queen-elizabeth-theatre-toronto-on-canada-13df858d.html","Frank Turner","2012-05-18","Queen Elizabeth Theatre","Toronto","Ontario","Canada"
"2bdf845e","https://www.setlist.fm/setlist/joel-plaskett-emergency/2012/queen-elizabeth-theatre-toronto-on-canada-2bdf845e.html","Joel Plaskett Emergency","2012-05-18","Queen Elizabeth Theatre","Toronto","Ontario","Canada"
"43df83c7","https://www.setlist.fm/setlist/joel-plaskett-emergency/2012/queen-elizabeth-theatre-toronto-on-canada-43df83c7.html","Joel Plaskett Emergency","2012-05-19","Queen Elizabeth Theatre","Toronto","Ontario","Canada"
"6bd9deaa","https://www.setlist.fm/setlist/frank-turner/2012/queen-elizabeth-theatre-toronto-on-canada-6bd9deaa.html","Frank Turner","2012-05-19","Queen Elizabeth Theatre","Toronto","Ontario","Canada"
"1bc70d14","https://www.setlist.fm/setlist/evening-hymns/2012/lower-ossington-theatre-toronto-on-canada-1bc70d14.html","Evening Hymns","2012-08-17","Lower Ossington Theatre","Toronto","Ontario","Canada"
"6b579292","https://www.setlist.fm/setlist/fiver/2012/lower-ossington-theatre-toronto-on-canada-6b579292.html","Fiver","2012-08-17","Lower Ossington Theatre","Toronto","Ontario","Canada"
"2bddb006","https://www.setlist.fm/setlist/mount-eerie/2012/the-great-hall-toronto-on-canada-2bddb006.html","Mount Eerie","2012-09-10","The Great Hall","Toronto","Ontario","Canada"
"7b579290","https://www.setlist.fm/setlist/wyrd-visions/2012/the-great-hall-toronto-on-canada-7b579290.html","Wyrd Visions","2012-09-10","The Great Hall","Toronto","Ontario","Canada"
"73dd9675","https://www.setlist.fm/setlist/glen-hansard/2012/danforth-music-hall-toronto-on-canada-73dd9675.html","Glen Hansard","2012-09-16","Danforth Music Hall","Toronto","Ontario","Canada"
"3dd892f","https://www.setlist.fm/setlist/laetitia-sadier/2012/the-drake-hotel-toronto-on-canada-3dd892f.html","Lætitia Sadier","2012-09-18","The Drake Hotel","Toronto","Ontario","Canada"
"4bddc34a","https://www.setlist.fm/setlist/jason-collett/2012/the-great-hall-toronto-on-canada-4bddc34a.html","Jason Collett","2012-10-02","The Great Hall","Toronto","Ontario","Canada"
"738666ad","https://www.setlist.fm/setlist/heartless-bastards/2012/lees-palace-toronto-on-canada-738666ad.html","Heartless Bastards","2012-10-24","Lee's Palace","Toronto","Ontario","Canada"
"73dd5ea9","https://www.setlist.fm/setlist/dan-mangan/2012/danforth-music-hall-toronto-on-canada-73dd5ea9.html","Dan Mangan","2012-10-25","Danforth Music Hall","Toronto","Ontario","Canada"
"7bdd5ea8","https://www.setlist.fm/setlist/the-rural-alberta-advantage/2012/danforth-music-hall-toronto-on-canada-7bdd5ea8.html","The Rural Alberta Advantage","2012-10-25","Danforth Music Hall","Toronto","Ontario","Canada"
"13daa5c1","https://www.setlist.fm/setlist/aimee-mann/2012/danforth-music-hall-toronto-on-canada-13daa5c1.html","Aimee Mann","2012-11-06","Danforth Music Hall","Toronto","Ontario","Canada"
"6357928b","https://www.setlist.fm/setlist/ted-leo-and-the-pharmacists/2012/danforth-music-hall-toronto-on-canada-6357928b.html","Ted Leo and the Pharmacists","2012-11-06","Danforth Music Hall","Toronto","Ontario","Canada"
"53d9c751","https://www.setlist.fm/setlist/the-super-friendz/2012/lees-palace-toronto-on-canada-53d9c751.html","The Super Friendz","2012-11-16","Lee's Palace","Toronto","Ontario","Canada"
"13578509","https://www.setlist.fm/setlist/gentleman-reg/2012/gladstone-ballroom-toronto-on-canada-13578509.html","Gentleman Reg","2012-12-02","Gladstone Ballroom","Toronto","Ontario","Canada"
"1b57850c","https://www.setlist.fm/setlist/army-girls/2012/gladstone-ballroom-toronto-on-canada-1b57850c.html","Army Girls","2012-12-02","Gladstone Ballroom","Toronto","Ontario","Canada"
"b578502","https://www.setlist.fm/setlist/chinawoman/2012/gladstone-ballroom-toronto-on-canada-b578502.html","Chinawoman","2012-12-02","Gladstone Ballroom","Toronto","Ontario","Canada"
"63578ae7","https://www.setlist.fm/setlist/julie-doiron/2013/horseshoe-tavern-toronto-on-canada-63578ae7.html","Julie Doiron","2013-01-25","Horseshoe Tavern","Toronto","Ontario","Canada"
"6b578ada","https://www.setlist.fm/setlist/jordan-klassen/2013/horseshoe-tavern-toronto-on-canada-6b578ada.html","Jordan Klassen","2013-01-25","Horseshoe Tavern","Toronto","Ontario","Canada"
"23d8a4db","https://www.setlist.fm/setlist/austra/2013/danforth-music-hall-toronto-on-canada-23d8a4db.html","Austra","2013-03-23","Danforth Music Hall","Toronto","Ontario","Canada"
"5bc53f0c","https://www.setlist.fm/setlist/blood-ceremony/2013/danforth-music-hall-toronto-on-canada-5bc53f0c.html","Blood Ceremony","2013-03-23","Danforth Music Hall","Toronto","Ontario","Canada"
"6b578ace","https://www.setlist.fm/setlist/the-good-family/2013/the-dakota-tavern-toronto-on-canada-6b578ace.html","The Good Family","2013-05-09","The Dakota Tavern","Toronto","Ontario","Canada"
"7b578ad0","https://www.setlist.fm/setlist/telekinesis/2013/horseshoe-tavern-toronto-on-canada-7b578ad0.html","Telekinesis","2013-05-12","Horseshoe Tavern","Toronto","Ontario","Canada"
"43d9c3fb","https://www.setlist.fm/setlist/coeur-de-pirate/2013/the-great-hall-toronto-on-canada-43d9c3fb.html","Cœur de pirate","2013-06-13","The Great Hall","Toronto","Ontario","Canada"
"6b578aa6","https://www.setlist.fm/setlist/gabriel-minnikin/2013/tranzac-club-toronto-on-canada-6b578aa6.html","Gabriel Minnikin","2013-06-13","Tranzac Club","Toronto","Ontario","Canada"
"4bd9c75e","https://www.setlist.fm/setlist/the-super-friendz/2013/the-black-box-theatre-at-the-great-hall-toronto-on-canada-4bd9c75e.html","The Super Friendz","2013-06-14","The Black Box Theatre at The Great Hall","Toronto","Ontario","Canada"
"53d9cf25","https://www.setlist.fm/setlist/sloan/2013/the-black-box-theatre-at-the-great-hall-toronto-on-canada-53d9cf25.html","Sloan","2013-06-14","The Black Box Theatre at The Great Hall","Toronto","Ontario","Canada"
"5bd9c754","https://www.setlist.fm/setlist/mike-oneill/2013/the-black-box-theatre-at-the-great-hall-toronto-on-canada-5bd9c754.html","Mike O’Neill","2013-06-14","The Black Box Theatre at The Great Hall","Toronto","Ontario","Canada"
"2bd97042","https://www.setlist.fm/setlist/camera-obscura/2013/historic-fort-york-toronto-on-canada-2bd97042.html","Camera Obscura","2013-07-04","Historic Fort York","Toronto","Ontario","Canada"
"33ce6029","https://www.setlist.fm/setlist/she-and-him/2013/historic-fort-york-toronto-on-canada-33ce6029.html","She & Him","2013-07-04","Historic Fort York","Toronto","Ontario","Canada"
"357855b","https://www.setlist.fm/setlist/the-barr-brothers/2013/historic-fort-york-toronto-on-canada-357855b.html","The Barr Brothers","2013-07-04","Historic Fort York","Toronto","Ontario","Canada"
"3c3858f","https://www.setlist.fm/setlist/joel-plaskett-emergency/2013/historic-fort-york-toronto-on-canada-3c3858f.html","Joel Plaskett Emergency","2013-07-04","Historic Fort York","Toronto","Ontario","Canada"
"23ce6037","https://www.setlist.fm/setlist/justin-townes-earle/2013/historic-fort-york-toronto-on-canada-23ce6037.html","Justin Townes Earle","2013-07-05","Historic Fort York","Toronto","Ontario","Canada"
"2bce6036","https://www.setlist.fm/setlist/jd-mcpherson/2013/historic-fort-york-toronto-on-canada-2bce6036.html","JD McPherson","2013-07-05","Historic Fort York","Toronto","Ontario","Canada"
"4bd96f3e","https://www.setlist.fm/setlist/fitz-and-the-tantrums/2013/historic-fort-york-toronto-on-canada-4bd96f3e.html","Fitz and the Tantrums","2013-07-05","Historic Fort York","Toronto","Ontario","Canada"
"5bd96f7c","https://www.setlist.fm/setlist/arkells/2013/historic-fort-york-toronto-on-canada-5bd96f7c.html","Arkells","2013-07-05","Historic Fort York","Toronto","Ontario","Canada"
"1b578548","https://www.setlist.fm/setlist/the-felice-brothers/2013/historic-fort-york-toronto-on-canada-1b578548.html","The Felice Brothers","2013-07-06","Historic Fort York","Toronto","Ontario","Canada"
"1b578554","https://www.setlist.fm/setlist/larry-and-his-flask/2013/historic-fort-york-toronto-on-canada-1b578554.html","Larry and His Flask","2013-07-06","Historic Fort York","Toronto","Ontario","Canada"
"1bce61ac","https://www.setlist.fm/setlist/dawes/2013/historic-fort-york-toronto-on-canada-1bce61ac.html","Dawes","2013-07-06","Historic Fort York","Toronto","Ontario","Canada"
"3bc6e444","https://www.setlist.fm/setlist/the-lowest-of-the-low/2013/historic-fort-york-toronto-on-canada-3bc6e444.html","The Lowest of the Low","2013-07-06","Historic Fort York","Toronto","Ontario","Canada"
"3ce618f","https://www.setlist.fm/setlist/matt-mays/2013/historic-fort-york-toronto-on-canada-3ce618f.html","Matt Mays","2013-07-06","Historic Fort York","Toronto","Ontario","Canada"
"4bd96fee","https://www.setlist.fm/setlist/the-hold-steady/2013/historic-fort-york-toronto-on-canada-4bd96fee.html","The Hold Steady","2013-07-06","Historic Fort York","Toronto","Ontario","Canada"
"63fee60f","https://www.setlist.fm/setlist/skydiggers/2013/historic-fort-york-toronto-on-canada-63fee60f.html","Skydiggers","2013-07-06","Historic Fort York","Toronto","Ontario","Canada"
"73965691","https://www.setlist.fm/setlist/flogging-molly/2013/historic-fort-york-toronto-on-canada-73965691.html","Flogging Molly","2013-07-06","Historic Fort York","Toronto","Ontario","Canada"
"7bc6b298","https://www.setlist.fm/setlist/frank-turner/2013/historic-fort-york-toronto-on-canada-7bc6b298.html","Frank Turner","2013-07-06","Historic Fort York","Toronto","Ontario","Canada"
"b57854a","https://www.setlist.fm/setlist/hannah-georgas/2013/historic-fort-york-toronto-on-canada-b57854a.html","Hannah Georgas","2013-07-06","Historic Fort York","Toronto","Ontario","Canada"
"13d96111","https://www.setlist.fm/setlist/belle-and-sebastian/2013/historic-fort-york-toronto-on-canada-13d96111.html","Belle and Sebastian","2013-07-07","Historic Fort York","Toronto","Ontario","Canada"
"1bc6b964","https://www.setlist.fm/setlist/neko-case/2013/historic-fort-york-toronto-on-canada-1bc6b964.html","Neko Case","2013-07-07","Historic Fort York","Toronto","Ontario","Canada"
"63f54217","https://www.setlist.fm/setlist/the-sadies/2013/historic-fort-york-toronto-on-canada-63f54217.html","The Sadies","2013-07-07","Historic Fort York","Toronto","Ontario","Canada"
"7b578ac8","https://www.setlist.fm/setlist/john-cleese/2013/winter-garden-theatre-toronto-on-canada-7b578ac8.html","John Cleese","2013-09-28","Winter Garden Theatre","Toronto","Ontario","Canada"
"1b578538","https://www.setlist.fm/setlist/peter-elkas/2013/horseshoe-tavern-toronto-on-canada-1b578538.html","Peter Elkas","2013-12-19","Horseshoe Tavern","Toronto","Ontario","Canada"
"1357852d","https://www.setlist.fm/setlist/the-felice-brothers/2013/brooklyn-bowl-brooklyn-ny-1357852d.html","The Felice Brothers","2013-12-30","Brooklyn Bowl","Brooklyn","New York","United States"
"2bcb9432","https://www.setlist.fm/setlist/sleaterkinney/2015/sound-academy-toronto-on-canada-2bcb9432.html","Sleater‐Kinney","2015-03-02","Sound Academy","Toronto","Ontario","Canada"
"7bfbd2c8","https://www.setlist.fm/setlist/lizzo/2015/sound-academy-toronto-on-canada-7bfbd2c8.html","Lizzo","2015-03-02","Sound Academy","Toronto","Ontario","Canada"
"23cb5caf","https://www.setlist.fm/setlist/belle-and-sebastian/2015/massey-hall-toronto-on-canada-23cb5caf.html","Belle and Sebastian","2015-04-01","Massey Hall","Toronto","Ontario","Canada"
"2bcb58ca","https://www.setlist.fm/setlist/honeyblood/2015/massey-hall-toronto-on-canada-2bcb58ca.html","Honeyblood","2015-04-01","Massey Hall","Toronto","Ontario","Canada"
"13f45175","https://www.setlist.fm/setlist/paul-mccartney/2015/air-canada-centre-toronto-on-canada-13f45175.html","Paul McCartney","2015-10-17","Air Canada Centre","Toronto","Ontario","Canada"
"23fdcc43","https://www.setlist.fm/setlist/the-inbreds/2016/gladstone-hotel-toronto-on-canada-23fdcc43.html","The Inbreds","2016-09-29","Gladstone Hotel","Toronto","Ontario","Canada"
"13578d31","https://www.setlist.fm/setlist/trans-canada-highwaymen/2017/rose-theatre-brampton-brampton-on-canada-13578d31.html","Trans-Canada Highwaymen","2017-04-28","Rose Theatre Brampton","Brampton","Ontario","Canada"
"13e5e155","https://www.setlist.fm/setlist/julien-baker/2017/sony-centre-for-the-performing-arts-toronto-on-canada-13e5e155.html","Julien Baker","2017-07-27","Sony Centre for the Performing Arts","Toronto","Ontario","Canada"
"43e5ebef","https://www.setlist.fm/setlist/belle-and-sebastian/2017/sony-centre-for-the-performing-arts-toronto-on-canada-43e5ebef.html","Belle and Sebastian","2017-07-27","Sony Centre for the Performing Arts","Toronto","Ontario","Canada"
"43ac8ff3","https://www.setlist.fm/setlist/the-inbreds/2017/sandbanks-amphitheatre-cherry-valley-pe-canada-43ac8ff3.html","The Inbreds","2017-09-16","Sandbanks Amphitheatre","Cherry Valley","Prince Edward Island","Canada"
"4bac8f16","https://www.setlist.fm/setlist/great-lake-swimmers/2017/sandbanks-amphitheatre-cherry-valley-pe-canada-4bac8f16.html","Great Lake Swimmers","2017-09-16","Sandbanks Amphitheatre","Cherry Valley","Prince Edward Island","Canada"
"53ac8ffd","https://www.setlist.fm/setlist/the-lowest-of-the-low/2017/sandbanks-amphitheatre-cherry-valley-pe-canada-53ac8ffd.html","The Lowest of the Low","2017-09-16","Sandbanks Amphitheatre","Cherry Valley","Prince Edward Island","Canada"
"5bac8ff4","https://www.setlist.fm/setlist/by-divine-right/2017/sandbanks-amphitheatre-cherry-valley-pe-canada-5bac8ff4.html","By Divine Right","2017-09-16","Sandbanks Amphitheatre","Cherry Valley","Prince Edward Island","Canada"
"23e3a063","https://www.setlist.fm/setlist/graham-nash/2017/rose-theatre-brampton-brampton-on-canada-23e3a063.html","Graham Nash","2017-10-05","Rose Theatre Brampton","Brampton","Ontario","Canada"
"53b7430d","https://www.setlist.fm/setlist/ringo-starr-and-his-all-starr-band/2022/casino-rama-orillia-on-canada-53b7430d.html","Ringo Starr & His All Starr Band","2022-05-28","Casino Rama","Orillia","Ontario","Canada"
"63a10e6b","https://www.setlist.fm/setlist/chris-murphy/2023/st-pauls-centre-orillia-on-canada-63a10e6b.html","Chris Murphy","2023-11-16","St. Paul's Centre","Orillia","Ontario","Canada"
"13a8ed75","https://www.setlist.fm/setlist/belle-and-sebastian/2024/history-toronto-on-canada-13a8ed75.html","Belle and Sebastian","2024-04-29","History","Toronto","Ontario","Canada"
"73a852c9","https://www.setlist.fm/setlist/the-weather-station/2024/history-toronto-on-canada-73a852c9.html","The Weather Station","2024-04-29","History","Toronto","Ontario","Canada"
"73566619","https://www.setlist.fm/setlist/sloan/2024/legacy-hall-huntsville-on-canada-73566619.html","Sloan","2024-06-08","Legacy Hall","Huntsville","Ontario","Canada"
